Transcription Factor;Observed Overlap;Excepted Overlap;"""-log10(E-value)"""
spi1;40;21.3596363636364;3.695
top1;1;0.545515151515151;0.376
myc;60;26.7206868686868;7.668
mbd4;1;0.181878787878788;0.779
sox2;12;11.5785050505051;0.31
gabpa;29;9.74779797979799;6.334
nfatc1;15;3.42058585858586;5.488
myod1;8;2.93268686868687;1.978
brd4;138;50.5829898989899;23.46
pou2f2;27;7.98630303030303;6.998
pml;13;3.02371717171717;4.757
ccnt2;5;1.39719191919192;1.849
tead4;28;13.1344040404041;3.62
jund;31;12.2628686868687;5.289
cbfb;19;11.4548080808081;1.597
gfi1b;9;2.78456565656566;2.63
tp63;25;6.82131313131313;7.176
rcor1;31;9.32985858585858;7.753
jun;17;9.71347474747475;1.671
cebpg;4;1.74737373737374;0.998
bach1;2;1.51854545454545;0.348
neurod1;8;2.15846464646464;2.755
atf3;9;4.60262626262627;1.345
cebpd;11;2.13814141414141;4.816
runx1;45;15.8349898989899;8.791
id3;11;4.81791919191919;1.971
rela;46;12.7142626262626;12.329
irf1;24;6.80450505050505;6.625
hdgf;22;4.20868686868687;9.06
atf1;28;5.72371717171717;10.66
nsd2;3;0.282747474747475;2.515
kdm5b;38;8.30284848484848;13.291
pttg1;1;0.316424242424243;0.567
dpf2;26;10.0611919191919;4.709
nfrkb;11;2.58937373737374;4.077
cebpb;35;17.9293737373737;3.637
mllt1;15;4.66676767676768;3.962
creb3;4;1.22561616161616;1.443
e2f6;21;4.84149494949495;7.32
smarca4;31;13.841898989899;4.31
znf263;45;11.872303030303;12.751
ctcf;90;39.3474949494949;11.474
hdac8;9;2.3940202020202;3.072
nr2f1;43;9.9630101010101;14.067
max;52;21.5683838383838;7.692
mta3;26;5.94286868686869;8.956
znf24;7;2.19832323232323;2.129
znf175;9;3.14478787878788;2.29
atf7;18;4.52175757575758;5.859
nr2f2;29;6.88905050505051;9.52
hdac1;17;5.57244444444445;4.132
fosl1;10;5.11771717171717;1.44
nr2c2;4;1.48844444444444;1.192
zeb2;15;4.20864646464646;4.453
pknox1;13;4.07709090909091;3.485
arnt;34;15.8653939393939;4.29
rbbp5;20;4.74070707070707;6.819
junb;12;4.44434343434343;2.662
pbx2;16;5.46452525252526;3.729
mta2;10;3.33981818181818;2.622
snai2;15;4.31313131313131;4.335
sox6;11;2.89561616161616;3.663
nbn;10;2.91254545454546;3.053
phf8;15;3.17189898989899;5.88
znf589;1;0.410686868686869;0.473
meis2;10;3.59571717171717;2.399
gata1;32;10.2258383838384;7.392
esr1;37;17.4917777777778;4.49
nfic;15;7.05042424242424;2.216
tbx21;14;7.17852525252525;1.808
runx3;8;5.0539595959596;0.857
stat5b;10;2.16521212121212;4.052
foxm1;9;3.18862626262626;2.253
atf2;15;3.42371717171717;5.483
tcf7;1;0.626121212121212;0.332
batf;6;3.04385858585859;1.054
myb;23;5.76070707070707;7.306
maf;22;4.7980202020202;8.051
bcl11a;4;2.54553535353536;0.598
irf4;19;6.91907070707071;3.95
bclaf1;12;4.76072727272728;2.426
stat5a;8;1.79785858585859;3.254
tardbp;16;7.2290505050505;2.485
aff4;20;5.21854545454545;6.179
mef2a;3;1.80814141414142;0.566
gata3;28;15.2694949494949;2.659
znf207;8;1.862;3.156
creb1;38;10.2155757575758;10.673
med1;30;15.7339595959596;3.056
etv6;6;2.66335353535354;1.269
pax5;12;4.41084848484848;2.689
zbed1;4;1.1749898989899;1.5
trim22;8;2.85214141414142;2.045
sp1;15;6.9899797979798;2.248
bcl3;15;3.83161616161616;4.913
crem;15;3.89892929292929;4.827
cdk9;28;5.83513131313132;10.472
ezh2;61;28.3505454545455;7.151
ep300;28;17.8958383838384;1.79
kdm4a;15;3.50177777777778;5.368
foxa1;87;45.1920404040404;7.652
tfap2c;27;9.1620202020202;5.873
oca2;9;3.7340202020202;1.84
hif1a;31;11.3272525252525;5.97
pax8;3;0.690222222222222;1.482
xbp1;26;12.9527676767677;3.037
ddx5;5;3.73717171717172;0.495
ikzf1;14;6.12432323232323;2.364
mier1;9;1.47476767676768;4.614
pou5f1;28;13.1078383838384;3.633
pbx3;11;5.26595959595959;1.717
stag1;87;30.8151919191919;15.998
chd8;21;12.5318585858586;1.751
eed;31;7.61325252525252;9.776
tal1;31;12.956303030303;4.835
gata2;35;18.9393131313132;3.22
klf9;8;3.07753535353535;1.864
ncoa3;10;5.50864646464646;1.266
ncoa1;13;1.7339797979798;7.383
trim28;33;11.6230303030303;6.652
cbx3;9;4.26593939393939;1.517
hdac2;24;7.42783838383838;5.968
znf384;6;2.77452525252525;1.201
arid3a;11;3.03034343434343;3.498
ldb1;5;1.04375757575758;2.359
rest;33;12.1850909090909;6.209
zmiz1;5;0.932464646464646;2.565
nfe2;14;3.40430303030303;4.861
tbl1xr1;10;2.0270303030303;4.285
maz;20;4.6130303030303;7.004
nr3c1;29;12.8281414141414;4.146
nfe2l2;8;2.7809494949495;2.107
rfx5;8;2.04363636363636;2.901
elf1;23;7.02654545454545;5.841
zbtb11;5;0.767636363636364;2.929
jmjd1c;18;6.23248484848485;4.041
yy1;32;13.5685454545455;4.847
znf639;4;0.622868686868687;2.417
rfx1;3;0.228969696969697;2.773
tcf3;22;6.78456565656566;5.555
nkx2-2;17;7.11751515151515;2.942
mafk;13;8.1110101010101;1.159
creb3l1;7;1.40070707070707;3.205
ciita;2;0.111070707070707;2.242
erg;41;15.3236363636363;7.386
foxk2;7;2.90228282828283;1.54
mynn;12;1.60929292929293;6.843
brd3;9;2.11109090909091;3.456
foxp1;28;13.316202020202;3.527
dido1;3;0.828262626262626;1.288
e2f7;11;0.757454545454545;9.229
notch1;8;4.41737373737373;1.097
arid2;7;2.45103030303031;1.89
znf143;27;10.9189292929293;4.539
tbp;20;4.81480808080808;6.714
foxo1;13;4.74406060606061;2.892
ets1;26;5.60244444444445;9.481
foxa2;23;14.9340606060606;1.503
cdk8;44;16.5188888888889;7.812
hcfc1;10;2.86222222222222;3.109
bmi1;1;0.373757575757576;0.506
mxi1;14;4.92567676767677;3.218
trim24;12;3.11078787878788;4.001
sin3b;6;1.15149494949495;2.914
sin3a;26;9.41729292929293;5.191
pdx1;7;5.19874747474747;0.573
cux1;8;2.66321212121212;2.213
kdm4b;5;1.02694949494949;2.388
med26;15;2.75434343434344;6.631
ar;81;42.3768484848485;7.059
ahr;6;5.2359595959596;0.371
runx2;29;14.8929494949495;3.112
tfap4;10;4.21236363636363;1.946
etv4;6;1.39056565656565;2.509
brca1;9;1.58260606060606;4.379
etv1;9;1.63969696969697;4.263
rbpj;6;3.48818181818182;0.851
kdm1a;12;8.09462626262626;0.925
zkscan1;10;3.33331313131313;2.628
nkx3-1;11;6.12428282828283;1.319
tcf7l2;19;6.40062626262626;4.383
hhex;1;0.205353535353535;0.731
ubtf;5;1.82133333333334;1.421
tgif2;3;0.538666666666667;1.757
hbp1;6;1.22571717171717;2.778
rad21;23;14.8115151515152;1.537
cbx1;14;3.86864646464647;4.268
arrb1;2;0.596;0.919
pias1;21;8.19195959595959;3.889
zc3h8;1;0.747494949494949;0.279
taf1;19;5.30296969696969;5.491
srf;9;1.5859191919192;4.372
fos;12;7.84165656565657;0.996
six5;3;1.07725252525252;1.022
ebf1;17;6.61614141414142;3.282
taf3;9;2.22874747474747;3.289
hnf4a;15;6.58537373737374;2.478
mbd1;2;0.404040404040404;1.203
hoxb13;7;2.63630303030303;1.736
hnf4g;2;1.39737373737373;0.39
cebpa;10;3.34678787878788;2.615
smc3;29;15.4005454545455;2.897
nfkb2;8;0.841636363636364;5.528
relb;5;0.313151515151515;4.713
nfkb1;16;2.04367676767677;9.186
twist1;10;4.20181818181818;1.952
tcf12;34;14.2971919191919;5.178
nr5a2;2;0.181818181818182;1.834
esrra;22;8.49185858585858;4.106
tfap2a;8;1.4780606060606;3.814
nanog;8;5.24561616161616;0.795
gata4;11;5.65654545454546;1.523
smad2;3;0.414060606060606;2.06
gata6;13;4.50181818181818;3.093
klf4;22;8.61608080808081;4.018
cdk6;11;1.7709292929293;5.572
jarid2;22;4.68351515151515;8.234
fli1;32;6.87539393939394;11.512
bcor;11;3.25258585858586;3.246
stat3;30;9.11777777777778;7.438
ctcfl;14;2.93953535353535;5.568
rxr;18;3.60610101010101;7.255
suz12;13;4.3130505050505;3.26
cry1;3;0.986585858585859;1.109
ssrp1;5;1.01;2.418
nr2f6;2;1.99660606060606;0.227
elf3;22;9.01632323232323;3.746
pgr;25;11.8317777777778;3.249
ubn1;9;1.37052525252525;4.86
klf6;21;5.88892929292929;5.962
hsf1;47;13.9426666666667;11.536
smarcc1;6;2.16155555555555;1.636
zhx1;8;2.23585858585858;2.661
sfmbt1;1;0.508464646464647;0.399
tp53;18;6.37381818181818;3.923
klf5;10;2.65644444444445;3.354
ell2;12;3.35022222222222;3.708
bhlhe40;17;5.03672727272727;4.663
smarcb1;19;5.03026262626263;5.816
brd2;11;6.25945454545454;1.265
zeb1;20;4.12444444444444;7.776
gatad1;4;0.582484848484849;2.519
gtf2f1;13;2.7979595959596;5.105
maff;6;4.19555555555555;0.609
dek;5;1.92951515151515;1.332
bcl6;22;6.54517171717172;5.8
chd2;14;2.90248484848485;5.63
nkx2-1;10;3.76090909090909;2.267
gtf2b;19;6.96971717171717;3.91
nrf1;14;3.51486868686869;4.711
mitf;8;3.20872727272727;1.768
sap30;6;2.59943434343435;1.31
nipbl;7;2.76779797979798;1.636
zbtb7a;14;4.11121212121212;3.995
egln2;16;4.16486868686868;5.096
smarcc2;2;0.21220202020202;1.708
nrip1;10;3.62969696969697;2.371
tead1;8;3.61983838383838;1.5
tbl1x;9;1.96963636363636;3.673
daxx;7;2.39723232323232;1.938
bach2;1;0.733939393939394;0.284
chd1;24;5.18193939393939;8.796
e2f1;24;3.79810101010101;11.462
stat1;18;5.15119191919192;5.095
lmo2;8;4.70715151515152;0.98
cbx2;5;4.01060606060606;0.428
smc1a;14;4.07054545454545;4.039
ascl1;4;2.19193939393939;0.747
gspt2;3;0.801252525252526;1.322
usp7;1;0.23230303030303;0.683
zfp36;5;1.57909090909091;1.647
fosl2;10;6.41414141414141;0.938
ncor;13;2.42739393939394;5.76
smad3;10;6.89939393939394;0.797
smad1;10;2.24569696969697;3.925
ezh1;13;1.52852525252525;8.013
klf1;16;1.35363636363636;11.769
rxra;4;2.1919797979798;0.747
znf750;6;2.83123232323232;1.168
prox1;3;1.15143434343434;0.958
crebbp;11;6.17135353535353;1.3
vdr;7;2.83842424242424;1.585
smad5;13;2.29955555555555;6.015
usf1;14;4.69660606060606;3.417
hmbox1;11;2.66979797979798;3.963
znf83;3;0.148181818181818;3.314
pou4f2;3;1.78430303030303;0.576
sirt6;2;0.542060606060606;0.986
spib;4;2.18193939393939;0.752
cdk7;7;3.12115151515151;1.398
bhlhe22;1;0.545353535353535;0.376
nfyb;5;1.14468686868687;2.194
mef2b;1;0.40749494949495;0.475
brd1;2;1.66666666666667;0.304
kdm4c;7;2.35686868686868;1.975
e2f4;10;2.13139393939394;4.107
csnk2a1;8;0.936060606060606;5.194
egr1;13;2.23591919191919;6.148
kdm5a;1;0.771050505050505;0.27
hexim1;23;4.39042424242424;9.455
rara;7;1.53240404040404;2.98
thap1;2;0.774444444444445;0.74
taf7;5;0.996565656565656;2.443
bmpr1a;12;1.73725252525253;6.495
rnf2;11;4.24252525252525;2.359
mnt;11;2.5589898989899;4.122
srebf2;6;1.60262626262627;2.216
rad51;4;0.996565656565656;1.726
prdm14;10;2.66333333333334;3.345
klf13;3;1.21222222222222;0.909
zfx;3;1.5219797979798;0.706
arid1b;3;1.20872727272727;0.912
arid1a;5;1.81486868686869;1.426
usf2;5;1.596;1.63
nfya;6;1.54545454545455;2.29
cbfa2t2;7;1.91579797979798;2.443
cdx2;7;3.32668686868687;1.278
ctbp2;14;1.90214141414142;7.799
sp4;7;1.24577777777778;3.503
mafb;7;2.30983838383838;2.019
nr4a1;2;1.06080808080808;0.543
hnf1b;4;2.8250101010101;0.504
yap1;3;0.835111111111111;1.279
sox13;2;0.663252525252525;0.844
tcf4;2;0.333272727272728;1.351
mycn;12;4.32989898989899;2.754
six2;4;3.60270707070707;0.314
fancl;1;0.229070707070707;0.689
srebf1;1;0.868727272727273;0.236
tfdp1;2;0.754060606060606;0.757
kdm6b;11;2.02688888888889;5.027
jmjd6;1;0.289575757575758;0.6
chd7;4;0.538727272727272;2.64
irf2;3;1.12812121212121;0.978
nr1h2;7;2.00012121212121;2.343
sox9;5;0.875353535353535;2.682
foxp2;4;1.0910505050505;1.601
dnmt3b;2;0.737373737373737;0.772
ctbp1;9;3.27252525252525;2.183
mta1;4;1.19187878787879;1.481
grhl2;7;2.90242424242424;1.54
pax6;3;0.427676767676768;2.023
nelfa;4;0.653212121212122;2.344
lhx2;6;1.22579797979798;2.778
pparg;7;3.80806060606061;1.038
tle3;1;0.407393939393939;0.475
lyl1;2;0.912484848484848;0.634
runx1t1;3;2.13820202020202;0.443
ctnnb1;1;0.414141414141414;0.47
rfx2;2;0.0808282828282828;2.509
maml3;1;0.62959595959596;0.331
dux4;1;0.444525252525252;0.445
ptrf;1;0.330080808080808;0.551
hmgn3;3;1.47804040404041;0.731
cxxc4;4;1.32654545454545;1.339
sp2;4;0.73410101010101;2.169
ddx20;2;0.902323232323232;0.641
irf3;1;0.154888888888889;0.843
snd1;2;0.606;0.907
terf1;3;1.30983838383838;0.838
znf92;1;0.767636363636364;0.271
snapc1;4;0.212181818181818;4.147
prkdc;1;0.387191919191919;0.493
clock;1;0.761070707070707;0.273
mbd2;2;0.272727272727273;1.508
elk4;1;0.52519191919192;0.389
elk1;1;0.649959595959596;0.321
zbtb33;2;1.1750505050505;0.484
znf318;1;0.437616161616162;0.45
nono;1;0.824949494949495;0.25
asxl1;1;0.185191919191919;0.772
taf2;1;0.0538585858585859;1.28
zmynd11;1;0.575757575757576;0.359